{"cameraMode":{"drawMode":0,"name":"Shaded","section":"Shading Mode"},"sceneLighting":false,"audioPlay":false,"sceneViewState":{"showFog":true,"showMaterialUpdate":false,"showSkybox":false,"showFlares":true,"showImageEffects":true,"showParticleSystems":true},"in2DMode":false,"pivot":{"x":279.93701171875,"y":333.4197998046875,"z":10.51885986328125},"rotation":{"x":-0.04827243462204933,"y":0.027561409398913385,"z":-0.0013325505424290896,"w":-0.9984537959098816},"size":334.6162109375,"orthographic":false}